0.9880306720733641,0.6536512970924377,0.8554254174232483,0.16739629209041595,0.8828777074813842,0.16885142028331757,0.7175716161727905,0.858530819416046,0.5522811412811279,0.14859914779663083,0.6044703125953673,0.9022849202156067,0.7608930468559265,0.07829207926988602,0.3081509470939636,0.7984501719474792,0.1843820810317993,0.09088666737079619,0.6298961639404297,0.10829825699329376,0.3514820337295532,0.12305174767971037,0.21377432346343997,0.06755281984806061,0.8863109350204467,0.6375833749771118,0.9175305366516112,0.7928214073181152,0.1713617891073227,0.854711353778839,0.19774743914604187,0.1596808284521103
0.9869127720594406,0.6520304679870605,0.8532528579235076,0.16814923286437988,0.8811861276626587,0.16868574172258377,0.7162010818719864,0.8564820438623428,0.5511298328638077,0.1490950621664524,0.604519709944725,0.9009999632835387,0.7610097527503967,0.07857688143849373,0.3083079159259796,0.7960813492536545,0.18393855914473534,0.09019436500966549,0.6301833540201187,0.10726962424814701,0.35059719532728195,0.12273199670016766,0.21179986372590065,0.06949637457728386,0.8835708349943161,0.6346370428800583,0.916383296251297,0.7939109206199646,0.17203814163804054,0.85195392370224,0.19870103895664215,0.15896721929311752
0.982571303844452,0.6144159436225891,0.8389933109283446,0.202498123049736,0.8587805032730103,0.14531315863132477,0.6859437823295593,0.8536303043365479,0.5153087377548218,0.14538662135601044,0.5846483707427979,0.8863102197647095,0.7374521493911742,0.0706075057387352,0.3186381459236145,0.7693814039230346,0.19659791886806488,0.10832615196704865,0.6278278231620789,0.09423580020666121,0.36520999670028687,0.11595487594604492,0.159910187125206,0.07252928614616394,0.8577469587326051,0.6236283183097839,0.9168911576271056,0.8216876983642578,0.17033618688583374,0.849760115146637,0.2143777906894684,0.16886916756629944
0.9881237149238585,0.6572771668434143,0.8563204407691956,0.16351197659969327,0.883799135684967,0.17073214054107666,0.7197366952896118,0.8567502498626709,0.55500727891922,0.1512613147497177,0.6058868765830994,0.9027905464172364,0.7666360139846802,0.07858772575855254,0.3084734380245209,0.8014495372772216,0.1818708628416061,0.08940084278583527,0.6305603981018065,0.108756422996521,0.35161179304122925,0.1248314008116722,0.21859392523765564,0.06662961840629578,0.8885202407836914,0.6351813077926636,0.9185843467712401,0.7892839908599852,0.17120535671710968,0.852415919303894,0.19732916355133057,0.15794740617275238
0.9874870975812277,0.6565820475419363,0.856257955233256,0.16349471608797708,0.8834186693032583,0.17185417066017786,0.7207553486029307,0.8576862613360087,0.555560290813446,0.1521704668800036,0.6066279113292694,0.9024073878924052,0.7670726776123047,0.07804910590251286,0.30778918663660687,0.8006713489691416,0.18214094887177149,0.08863534902532895,0.6305730243523916,0.10929818823933601,0.35035550594329834,0.12419975300629933,0.21915354579687119,0.06750929231444995,0.8883605301380157,0.6353415151437124,0.9183512826760608,0.7892371316750845,0.17102723568677902,0.8521219889322916,0.19614690045515695,0.1572720855474472
0.9862955808639526,0.6447814702987671,0.8510826230049133,0.17617301642894745,0.8765139579772949,0.1639985293149948,0.7113120555877686,0.8563985228538513,0.5448945760726929,0.14759360253810883,0.6006813049316406,0.8986685872077942,0.7555804252624511,0.07991240173578262,0.31336578726768494,0.790405511856079,0.18895673751831052,0.09750780463218689,0.6314165592193604,0.10689573734998704,0.3541720509529114,0.12501104176044464,0.20022378861904144,0.07390232384204865,0.8825263977050781,0.6351792216300964,0.9148122668266296,0.8021690249443054,0.17428122460842133,0.8518053293228148,0.2043843865394592,0.16452741622924805
0.9874841123819351,0.6544436663389206,0.8547693490982056,0.16583608835935593,0.8823650181293488,0.16895785555243492,0.7176455408334732,0.8577055633068085,0.5524708032608032,0.14943843334913254,0.6047152429819107,0.9018899500370026,0.7628579437732697,0.0773329958319664,0.30759138613939285,0.7979744970798492,0.1829458251595497,0.08847935870289803,0.629961296916008,0.10703499428927898,0.3496082201600075,0.12275898642838001,0.214434701949358,0.06735739298164845,0.88594751060009,0.6345731616020203,0.9172071218490601,0.791765034198761,0.17135732620954514,0.8525867164134979,0.19702603667974472,0.1576218493282795
0.9865334928035736,0.6555687189102173,0.8551684319972992,0.16437506675720215,0.8824940621852875,0.16954494267702103,0.7186336517333984,0.8563991487026215,0.5537258982658386,0.15069802105426788,0.6052904427051544,0.902643620967865,0.7641287446022034,0.07773007452487946,0.3080042451620102,0.798887401819229,0.18233386427164078,0.08906832337379456,0.6298209726810455,0.10802512243390082,0.3514818549156189,0.1236049272119999,0.21654080599546432,0.06706720218062401,0.8864387571811676,0.6349174678325653,0.9162124693393707,0.7907163500785828,0.17040657252073288,0.8520427048206329,0.19716472923755643,0.1581171452999115
0.9874777793884275,0.6529620289802551,0.8542897701263428,0.1684414893388748,0.8808814287185669,0.16917036473751068,0.716406524181366,0.8553470969200134,0.5525315403938292,0.1499878615140915,0.6047887802124025,0.9022517800331117,0.7620966434478759,0.07910391688346863,0.3091024160385132,0.7974885702133178,0.18309725821018216,0.09078897535800931,0.6301404237747192,0.10727544128894805,0.35139545798301697,0.12265007197856904,0.21242183446884155,0.06820700317621231,0.8842714428901672,0.6353048086166382,0.917304277420044,0.7926340699195863,0.1713632196187973,0.8525223135948181,0.19957055151462555,0.16035771369934082
0.9886940121650698,0.6567859649658203,0.8564500212669373,0.16405901312828064,0.8834596872329712,0.1718229055404663,0.7203853130340576,0.8577715754508973,0.5555753707885742,0.15136010944843292,0.6063950061798096,0.9034321904182434,0.7661364078521729,0.0790630429983139,0.30831196904182434,0.8005927801132202,0.1820592433214188,0.08914465457201005,0.6310430765151978,0.10955067723989485,0.35164040327072144,0.12473713606595992,0.21910415589809415,0.06690163165330887,0.8882237076759337,0.6361953020095825,0.918443202972412,0.7900444865226746,0.17181228101253507,0.8524677753448486,0.19720217585563657,0.1587671190500259
0.986304461956024,0.6578264236450195,0.8560226559638977,0.1642770916223526,0.8849174976348878,0.1729484051465988,0.7220165133476257,0.8575513958930969,0.5564402341842651,0.15330268442630768,0.6075470447540283,0.9031006693840026,0.7680253982543945,0.0785907581448555,0.30872464179992676,0.8011425137519836,0.18221637606620789,0.08956175297498703,0.6307991743087769,0.11114905029535292,0.3514139056205749,0.12600830197334287,0.22164902091026303,0.06771855801343918,0.8886297941207885,0.6346700787544249,0.9174619913101196,0.7882075905799866,0.17231836915016174,0.8527599573135376,0.1961691528558731,0.15751101076602936
0.9863639473915101,0.6487279534339905,0.8523202538490294,0.1706655919551849,0.8780658841133117,0.1667738705873489,0.7136821746826172,0.8552058339118956,0.5486213564872742,0.14571639895439148,0.6029675602912903,0.8990985155105591,0.757570445537567,0.07973898202180862,0.30974131822586054,0.7915294766426086,0.18540990352630612,0.09151867777109146,0.6308092474937439,0.1060083508491516,0.35107162594795227,0.1207279786467552,0.20614714920520785,0.06952442228794098,0.8807296156883239,0.6340667605400084,0.9150930047035216,0.7944723963737487,0.17330434918403623,0.8508849143981932,0.2005588263273239,0.1602906882762909
0.9834937453269958,0.6375986337661743,0.8478446006774902,0.17566917836666107,0.8718698024749757,0.15849526226520538,0.7082343101501465,0.8538972735404968,0.5410624146461487,0.14727327227592468,0.5986159443855286,0.8941320776939392,0.7505779862403869,0.07664241641759872,0.309876024723053,0.787078857421875,0.1851152330636978,0.0969649627804756,0.6276816725730896,0.10637379437685011,0.35250580310821533,0.12019867449998856,0.19684022665023804,0.07394393533468246,0.8756439089775084,0.6337869763374329,0.9124882221221923,0.8006700277328491,0.16815440356731415,0.8465389609336853,0.20033341646194455,0.161406472325325
0.9880016446113585,0.6584405899047852,0.8558779954910278,0.16362076997756958,0.884347140789032,0.17306026816368103,0.7215875983238221,0.8572852015495299,0.5552743673324585,0.15269367396831512,0.6067411303520203,0.9027039408683776,0.7683958411216736,0.07838632166385649,0.3088160455226898,0.8013349175453186,0.1813681721687317,0.08943921327590942,0.6306838989257812,0.11044365167617796,0.3521413207054138,0.12579934298992157,0.21946361660957336,0.06711636483669281,0.8887399435043336,0.6344442367553711,0.9181129932403564,0.7882779836654662,0.1716575175523758,0.8523831963539124,0.19635148346424103,0.15779070556163788
0.9881315588951111,0.6566274166107178,0.8558514237403869,0.1641052484512329,0.8836625218391418,0.17194392383098603,0.719915759563446,0.8577654838562012,0.5549964189529419,0.15202185809612273,0.6064766645431519,0.9026095509529114,0.7660869240760804,0.07817582339048386,0.30788426399230956,0.8004417419433594,0.18259580433368683,0.0889644280076027,0.6305967211723328,0.10939329266548156,0.3514145851135254,0.1248316839337349,0.21816163659095764,0.06749733537435532,0.8878803849220276,0.6353575229644776,0.9182213306427002,0.7899737358093262,0.17167087495326996,0.8523591518402099,0.19690823853015899,0.15767460763454438
0.985049068927765,0.6524898409843445,0.8549729585647582,0.16653774678707123,0.8806144595146179,0.16795791685581207,0.7169212698936462,0.8558822274208068,0.5513970851898192,0.14863926172256467,0.6042341589927673,0.9009389877319337,0.7614746689796447,0.07803037017583847,0.30543482303619385,0.7972433567047118,0.18165071308612823,0.08816499263048173,0.6301317811012268,0.10819555073976515,0.3493603467941284,0.12138064205646514,0.2154465764760971,0.06729455292224884,0.8848708271980285,0.634635865688324,0.9157328009605408,0.7900060415267944,0.1695086807012558,0.8521125316619873,0.1965557485818863,0.15753008425235748
0.9875404089689255,0.653154045343399,0.8541187942028046,0.16732831075787544,0.881416991353035,0.1689089633524418,0.7167414158582688,0.8564193844795227,0.5517945319414139,0.15012023374438285,0.6043794482946396,0.9012715756893158,0.7632589876651764,0.07760843075811863,0.308907113969326,0.7976736545562744,0.1834799900650978,0.09034225344657898,0.6304337203502655,0.10744929127395153,0.3516665235161781,0.12351488098502159,0.212802916765213,0.0684898991137743,0.8851431101560593,0.6343783169984818,0.9172752797603607,0.792533990740776,0.1713051326572895,0.8520212918519974,0.19825978130102156,0.15860512256622314
0.9861941337585448,0.6570898294448853,0.8552393913269043,0.16302888095378876,0.8838061690330505,0.1716511994600296,0.7217828631401062,0.8566996455192566,0.5550882816314697,0.152071014046669,0.6064846515655518,0.9024690985679625,0.7669867873191833,0.0777667462825775,0.3079518675804138,0.800456464290619,0.181107833981514,0.08905843645334244,0.6297078132629395,0.110188327729702,0.3505973815917969,0.12429141998291016,0.21921296417713165,0.06710353493690491,0.887178361415863,0.6343452334403992,0.9179428815841674,0.7882212400436401,0.17074598371982574,0.8516340255737304,0.19564494490623477,0.15713383257389069
0.9870407581329343,0.6468923687934875,0.8527492880821229,0.17276854813098907,0.8781694173812865,0.16606625914573667,0.7121617197990417,0.854488730430603,0.5474286675453186,0.14896351099014282,0.6020553708076477,0.899867296218872,0.7577059268951416,0.07862271368503569,0.31100368499755854,0.7921790480613708,0.1858185976743698,0.09255102276802064,0.6309245824813843,0.10557177662849426,0.35253289341926575,0.12472075968980788,0.20384146273136136,0.07086127996444702,0.8829473257064819,0.6354355216026306,0.9140765070915222,0.7997036576271057,0.17332257330417633,0.8520717620849609,0.2027299851179123,0.16106607019901276
0.9862498342990874,0.651127278804779,0.8526031672954559,0.16816503554582596,0.8807485699653625,0.16806546598672867,0.7167981564998627,0.8561172187328339,0.5508472919464111,0.15016018599271774,0.6043558120727539,0.9009889662265778,0.7611972093582153,0.07873884588479996,0.3095761835575104,0.7952739596366882,0.18429862707853317,0.09186137840151787,0.6298805475234985,0.10839037969708443,0.35200050473213196,0.1227831318974495,0.21105635166168213,0.06982976570725441,0.8834933936595917,0.6342279613018036,0.9160326719284057,0.7944586277008057,0.1720598191022873,0.8509598970413208,0.19977400451898575,0.15922122448682785
0.9880926012992858,0.656619369983673,0.8553950786590576,0.16471765935420987,0.8823525309562683,0.17125368118286133,0.7178876399993896,0.8572695255279541,0.55445396900177,0.1511612981557846,0.6055017113685608,0.9029971361160278,0.7645962834358214,0.07745930552482606,0.3079780340194702,0.7993273735046386,0.18287841975688932,0.08810494095087051,0.6304957270622252,0.1068841591477394,0.3500653207302093,0.12413804233074188,0.21621705591678617,0.06725859642028809,0.8867590427398682,0.6353456377983093,0.9174447655677795,0.7908090353012085,0.17082305252552032,0.8524851202964783,0.19666917622089383,0.15805426239967346
0.9882678985595704,0.657481014728546,0.8554762601852418,0.163994699716568,0.8834494948387147,0.17191235721111295,0.7204306721687317,0.8563061356544495,0.5545499324798584,0.1515018045902252,0.6061021089553833,0.902586042881012,0.7679473161697388,0.07798076421022414,0.3095076084136963,0.8003623485565186,0.18133653700351715,0.08922480046749115,0.6303414106369019,0.10963045805692671,0.3516906201839447,0.12531636655330655,0.21805283427238464,0.06762868911027908,0.8885166645050048,0.6344125270843506,0.9168027639389038,0.7898191213607789,0.1721483618021011,0.8521028757095338,0.1961212307214737,0.15760858356952667
0.9879681468009949,0.6576986312866211,0.8567969202995299,0.16287358105182648,0.8854485154151917,0.17221659421920776,0.7216771841049193,0.8582243323326112,0.5557059049606323,0.15159617364406583,0.6072667837142944,0.902209997177124,0.7676287889480592,0.07746892422437668,0.3078579306602478,0.8015144467353821,0.18198801577091217,0.08791742473840714,0.6304861307144165,0.10910774022340775,0.35033881664276123,0.12396790087223052,0.219231978058815,0.06681367009878159,0.8886365294456483,0.6362427473068237,0.9185953140258787,0.7897652983665465,0.17127709090709686,0.8527427315711974,0.19601328670978543,0.1561911404132843
0.9880888611078262,0.6562530448039373,0.8555092314879099,0.16493255396684012,0.8833135664463043,0.1714647946258386,0.719616542259852,0.8572778056065241,0.5547633767127991,0.15125124529004097,0.6061206261316935,0.9025009920199712,0.7658998817205429,0.07830855064094067,0.3082015390197436,0.8001104245583216,0.18252377212047577,0.08920050164063771,0.6307712097962698,0.10898742638528347,0.3510589823126793,0.12445774984856446,0.21743373200297356,0.06783811810115974,0.8874387343724569,0.635267416636149,0.9177950322628021,0.7903547783692678,0.1717428776125113,0.8523989419142405,0.19714094325900078,0.15808743983507156
0.9874640901883444,0.6544386943181356,0.8545422355333964,0.16506159802277884,0.8825116554896036,0.17070528864860535,0.7191750009854635,0.8571072419484457,0.553499182065328,0.150148406624794,0.6059040625890096,0.9020838340123495,0.7651491761207581,0.07762765139341353,0.30834661920865375,0.7991101741790771,0.18195926149686178,0.08944233258565266,0.630286713441213,0.10847394913434982,0.35037827491760254,0.12326862911383311,0.2155345231294632,0.06809071203072865,0.8861936728159586,0.6347094376881918,0.9171944260597229,0.7913682659467062,0.17119373877843222,0.851820170879364,0.19711611171563467,0.15783830980459848
0.9875871390104294,0.6529418627421061,0.8542465815941492,0.16690931096673012,0.8810565720001856,0.16899381329615912,0.7172508885463079,0.8567700137694677,0.5520613541205724,0.15015607078870138,0.6045790513356527,0.9011291861534119,0.7628210087617239,0.07736192954083283,0.3083454668521881,0.7972968320051829,0.1829233355820179,0.089896730457743,0.6301591396331787,0.10730317669610183,0.3512893666823705,0.12304202343026797,0.21335051953792572,0.06790793128311634,0.8850772281487783,0.634587973356247,0.9175062825282415,0.7924271027247111,0.17146037394801775,0.851927121480306,0.1978894074757894,0.15819701800743738
0.9875372648239136,0.6572352051734924,0.8555892705917358,0.16294211149215698,0.8843474388122559,0.1705775111913681,0.7202916145324707,0.8566121459007262,0.554478645324707,0.15134143829345703,0.6064206957817078,0.9020876288414,0.7669993638992308,0.07716740667819978,0.30849507451057434,0.8008705973625182,0.1812307834625244,0.08858168125152589,0.6301125288009644,0.10817616432905196,0.3517496585845947,0.12368854880332945,0.21734660863876343,0.06597155332565308,0.8878431320190429,0.6345559358596802,0.9180384874343872,0.7892216444015504,0.17064709961414337,0.8522372245788574,0.1960294097661972,0.15659579634666443
0.9872063755989074,0.651623260974884,0.8531814217567444,0.1681606411933899,0.8798402905464172,0.1675163209438324,0.7158352613449097,0.8559930562973023,0.5505591750144958,0.1486397862434387,0.6037323713302613,0.9009230494499206,0.7599926233291626,0.07826505005359649,0.3090317666530609,0.7953223943710327,0.18473768532276152,0.09094861596822738,0.6301721572875977,0.10613321661949157,0.35112345814704893,0.12185133248567581,0.20972998142242433,0.06963219493627548,0.884055745601654,0.6340955018997192,0.9165503144264221,0.7945059061050415,0.17155405580997468,0.8520994305610656,0.19929713010787964,0.15943723320960998
0.9870841919734914,0.6540569842502635,0.854508154494788,0.1661544946893569,0.8817399156990872,0.16992398391487779,0.717993458752991,0.8567739090611858,0.5528557101885477,0.15056953763449063,0.6051838250570399,0.9014941011705706,0.7638562058889737,0.07760576246887126,0.308129213189566,0.7981672485669454,0.18300779980997886,0.08951260878514218,0.6302863365860396,0.10790590989974237,0.35063836523281633,0.1233180278251248,0.21484989536705837,0.0681676802135283,0.8858522170333452,0.6345767981262618,0.9171950567153192,0.7914863395434554,0.17126850030755483,0.8520641801177814,0.1972748674051736,0.15793079265984156
0.9877775013446806,0.6541560590267181,0.8537262380123138,0.16852780431509018,0.8822150230407715,0.17073246836662292,0.7177698612213135,0.8562702834606171,0.5526346266269684,0.1513286828994751,0.6055087149143219,0.9024027585983276,0.7627964317798615,0.0794059969484806,0.30995073914527893,0.7968112528324127,0.18452493101358414,0.09178919345140457,0.6312371492385864,0.10859518498182297,0.353222519159317,0.12431064248085022,0.21311241388320923,0.06973231956362724,0.8853338062763214,0.635743260383606,0.9169905483722687,0.7938785552978516,0.17303112149238586,0.8523615896701813,0.19979596138000488,0.15990135073661804
0.9872950613498688,0.6543607413768768,0.8548207581043242,0.16554896533489227,0.8820561170578003,0.16859016567468643,0.7174208462238312,0.8560451567173004,0.5528272986412048,0.14968836307525635,0.6047491133213043,0.901823878288269,0.7627746760845184,0.07779330760240555,0.30729997158050537,0.7980835735797882,0.18110448122024536,0.08883216232061386,0.6290214955806732,0.10731766000390053,0.3499847501516342,0.12217333912849426,0.21465349197387695,0.06686775386333466,0.8849469125270844,0.6345574855804443,0.9173631370067596,0.7911155521869659,0.17118648439645767,0.8526443243026733,0.19757511466741562,0.15745499730110168
0.9870795011520384,0.6585816144943237,0.8557740449905396,0.16468068957328796,0.8848754763603209,0.1720658242702484,0.7207587361335753,0.8569088578224182,0.5555934906005859,0.1523539125919342,0.606446385383606,0.9030488729476928,0.7684412002563475,0.07757969200611113,0.3090560734272003,0.8016408085823059,0.18096643686294556,0.08911272138357161,0.6313321590423584,0.10899000614881516,0.35094866156578064,0.12574633955955505,0.2199462056159973,0.06669913232326508,0.8892652988433837,0.6348209977149963,0.9171813130378723,0.7893622517585753,0.17217840254306793,0.8531407713890076,0.19584837555885315,0.15735360980033875
0.988510251045227,0.6532934308052063,0.8534702062606812,0.16785952448844907,0.8815014958381652,0.1691102683544159,0.7156448364257812,0.8575913310050963,0.5518187284469604,0.1500420719385147,0.6052331328392029,0.9031913280487059,0.7611286640167235,0.07896047085523605,0.3084126114845276,0.7973329424858093,0.18415305018424988,0.09126517921686172,0.6299868822097777,0.10820725560188292,0.3529217541217804,0.124856635928154,0.21305911242961884,0.06851574033498764,0.88552325963974,0.6352870464324951,0.9160182476043699,0.7934627532958984,0.17318515479564667,0.8541627526283264,0.19895754754543304,0.1601024866104126
0.9871693253517151,0.6544663906097412,0.8549271821975708,0.16607928276062012,0.8817994594573973,0.17012621462345123,0.7179238498210907,0.8574831783771515,0.5540662109851837,0.1506505012512207,0.6052554249763489,0.9019030034542084,0.7639974057674409,0.0781603455543518,0.3081517070531845,0.7986941039562225,0.18347732722759247,0.08972655236721039,0.6309165358543396,0.10802440717816353,0.35135337710380554,0.1234045922756195,0.2153325155377388,0.06836868450045586,0.8866852819919586,0.6352766156196594,0.916904866695404,0.7911277115345001,0.17165344953536987,0.8520208895206451,0.19742329418659207,0.15815631300210953
0.9866183201471964,0.6511511007944742,0.8535165389378866,0.1677725464105606,0.8797770738601683,0.16734283169110617,0.7152342001597086,0.8562493324279784,0.550220767656962,0.14907417198022208,0.6040188272794088,0.9009385307629904,0.7597412864367167,0.07843030492464702,0.3083871205647786,0.7951607704162598,0.18427553276220957,0.08997424443562825,0.6299852132797241,0.10666391501824062,0.35086968541145325,0.12174619237581889,0.21072196463743845,0.06859951466321945,0.8834972182909647,0.634831964969635,0.9153896570205688,0.7944769064585367,0.17152859767278036,0.8515734871228536,0.19892399013042453,0.15913042426109314
0.9875247478485107,0.6556371748447418,0.8549000918865204,0.16475138813257217,0.8825862407684326,0.16954867541790009,0.71833935379982,0.8572629690170287,0.5540447533130646,0.15038024634122849,0.6053481101989746,0.9026963114738464,0.7651259899139404,0.0774148106575012,0.3077200949192047,0.8001651465892792,0.1823103427886963,0.08865148201584816,0.6299691498279572,0.10785681009292603,0.34987568855285645,0.12408028542995451,0.21609531342983246,0.06734837964177132,0.8874172270298004,0.6348578929901123,0.9174340963363647,0.7900397479534149,0.1713283360004425,0.8521860837936401,0.196175716817379,0.15788334608078003
0.9895977973937987,0.6582291722297668,0.8568009138107299,0.16419704258441925,0.8844422101974486,0.1729287356138229,0.7214298844337462,0.8587193489074707,0.5562713146209717,0.1527671366930008,0.6068626642227173,0.9034423828125,0.7679366469383239,0.07876739650964737,0.309201180934906,0.801986813545227,0.18331634998321533,0.0897444039583206,0.63089519739151,0.11048726737499236,0.35226407647132874,0.1256132274866104,0.21965280175209043,0.06813230365514755,0.890474259853363,0.6366205811500549,0.9194638729095459,0.7911604046821593,0.17238326370716095,0.8537362813949586,0.19749094545841217,0.1587783843278885
0.9874759713808695,0.6545621355374655,0.8549918333689371,0.16581539809703824,0.8826539516448975,0.1697141925493876,0.7178089817365011,0.8568739096323649,0.5530876119931539,0.14969784021377563,0.6050660212834676,0.9019759694735209,0.7636217673619589,0.07742205013831456,0.3079296251138051,0.7986524303754171,0.18238743642965952,0.08902493864297867,0.6300119558970133,0.10730800529321033,0.3497856358687083,0.12306620180606842,0.21535766621430716,0.06817173957824707,0.8860026597976685,0.6348000168800354,0.9168057243029276,0.791212777296702,0.17084903518358865,0.8524664243062338,0.19741160670916236,0.15788543224334717
0.9871487021446227,0.6445412039756775,0.8514333367347717,0.17631953954696655,0.8773940801620483,0.16466166079044342,0.7105013132095337,0.8562604784965515,0.5454134941101073,0.14748156070709229,0.6018376350402832,0.8984568119049072,0.7554225921630859,0.07908767461776733,0.3123835325241089,0.791191041469574,0.18805478513240811,0.09595236927270888,0.631159782409668,0.10569123178720474,0.35337936878204346,0.12347646057605743,0.201626181602478,0.07188380509614944,0.8816297054290771,0.6366702914237976,0.9158557057380675,0.7995975017547606,0.1752354800701141,0.8508784770965576,0.20133259892463684,0.1616593599319458
0.9882654547691344,0.6577131152153015,0.8558281660079955,0.16365765035152435,0.8851315379142761,0.17358732223510742,0.721863329410553,0.8578990697860717,0.5561487674713135,0.1527794450521469,0.6071229577064513,0.9029684662818909,0.7686557769775391,0.07917708158493043,0.30922427773475647,0.8018222451210022,0.18182815611362457,0.08934720605611801,0.6315552592277527,0.11109695583581924,0.3524017632007599,0.12653425335884094,0.21992506086826324,0.0666969045996666,0.8893594145774841,0.6358276605606079,0.9179700016975402,0.7890508770942688,0.1732096970081329,0.852242112159729,0.19721294939517972,0.15767736732959747
0.9881441563367843,0.6561130613088608,0.855439054965973,0.1646175689995289,0.883233979344368,0.17083317860960961,0.7191805243492126,0.8570305198431015,0.5540640473365783,0.1507371708750725,0.6057306170463562,0.9022996425628662,0.7651974856853485,0.07793513797223568,0.30800688117742536,0.7997347861528397,0.18251735121011733,0.08882746957242489,0.6306007623672485,0.10824672169983388,0.35094179660081865,0.12384624294936657,0.2165096178650856,0.06749496795237064,0.8873438477516175,0.6351348310709,0.917659854888916,0.7909273356199265,0.1714523933827877,0.8526071161031723,0.19703241512179376,0.1577769249677658
0.9876220822334288,0.6583154201507568,0.8555035591125488,0.16394510865211487,0.8841789960861206,0.17311421036720276,0.7205541729927063,0.8570100069046019,0.5558420419692993,0.15241073071956635,0.6070191264152527,0.9031143784523009,0.7669253945350648,0.07834717631340025,0.3088195025920868,0.8005883693695068,0.1815689355134964,0.08944261074066162,0.6301361918449402,0.10992460697889328,0.3519643247127533,0.1257319152355194,0.22043316066265103,0.06756711751222609,0.8871126770973204,0.6347273588180542,0.9176225066184995,0.7888140082359315,0.17175309360027313,0.8524136543273925,0.1971717327833176,0.15771590173244476
0.988397479057312,0.6547547578811646,0.8546026945114135,0.1654062271118164,0.8820767402648925,0.16864047944545743,0.7162421941757202,0.8572968840599059,0.5518279671669006,0.14788009226322174,0.6036635637283325,0.9023356437683104,0.7610626220703125,0.07809856534004211,0.3073972761631012,0.7970889210700989,0.18404240906238556,0.08756391704082489,0.63035649061203,0.10583846271038055,0.3504273295402527,0.12208752334117888,0.21209943294525144,0.06759491562843323,0.8845762014389038,0.6349065303802489,0.9164642691612244,0.7943846583366394,0.1717618703842163,0.8525947928428651,0.198011577129364,0.1585589051246643
0.9886837005615233,0.6584569215774536,0.8561131358146667,0.16345585882663727,0.8847841620445251,0.1716250777244568,0.7201864719390869,0.8580532670021057,0.5554196238517761,0.1524936556816101,0.6071098446846008,0.9029198884963987,0.7668614983558655,0.07776713371276854,0.3083458244800568,0.8014094233512878,0.18127968907356265,0.08817925304174422,0.6295470595359801,0.10895986109972,0.35094550251960754,0.1254516988992691,0.21885335445404047,0.06662507355213165,0.8887081742286682,0.635334849357605,0.9184246659278867,0.7910165190696716,0.17278744280338287,0.8537576198577882,0.19706000387668607,0.15734823048114777
0.9882043004035949,0.6572408676147461,0.8563269972801208,0.163984477519989,0.8841982483863831,0.1721486449241638,0.7215225100517274,0.8570947647094727,0.556182861328125,0.1520954072475433,0.6066526174545288,0.9024159908294676,0.7684825658798218,0.0774959698319435,0.30831459164619446,0.8015020489692688,0.18180657923221588,0.08819475769996643,0.6309924125671387,0.10932514816522598,0.35012197494506836,0.12534223496913907,0.2199188619852066,0.06769603490829468,0.888745129108429,0.6358270049095154,0.9181667566299438,0.7893304228782653,0.17200954258441925,0.8527085781097411,0.1963912695646286,0.156439870595932
0.9896978735923768,0.6576740145683289,0.8564078211784362,0.1640929728746414,0.8838059902191162,0.17171555757522583,0.720729112625122,0.8578351736068724,0.555424690246582,0.152426540851593,0.6061689257621765,0.9027765989303587,0.7674516439437865,0.07755618542432785,0.3083113133907318,0.8014389276504515,0.1815108507871628,0.0879177674651146,0.6297857165336609,0.109166719019413,0.35107311606407166,0.12565241754055023,0.21880365908145905,0.067145936191082,0.8890166878700256,0.6352182030677795,0.9192643165588379,0.7906932234764099,0.1719122678041458,0.8535010814666749,0.19691915810108185,0.15745116770267487
0.9886258244514464,0.6575429439544678,0.8560436367988585,0.16589021682739255,0.8815815448760985,0.17216598987579343,0.7185174822807312,0.8583048582077025,0.5551890730857849,0.1521758139133453,0.6060008406639099,0.9030327200889587,0.7653344869613646,0.07856812328100204,0.3077077269554138,0.7998964786529541,0.18273888528347013,0.08905577659606932,0.6313543319702148,0.10864640027284622,0.35105520486831665,0.124660424888134,0.2172017693519592,0.0679808259010315,0.8882877826690675,0.635610044002533,0.9182690382003784,0.7899129390716552,0.17220079898834229,0.8525325059890747,0.19749654829502103,0.15840484201908112
0.9876857995986937,0.6564805507659912,0.8556520938873291,0.16498152911663055,0.8820761442184448,0.17139241099357605,0.7191374897956848,0.8582168221473693,0.5551167726516724,0.15183085203170776,0.6053993105888367,0.9033863544464112,0.7653163075447081,0.07816728204488754,0.3073023855686188,0.799940288066864,0.18292017281055448,0.08848734945058823,0.6308969259262085,0.10914652794599532,0.35029172897338867,0.12473654001951216,0.21754910051822665,0.06832721829414368,0.8882525563240051,0.6354786157608032,0.9168533682823181,0.7906120419502257,0.1719530075788498,0.8521835803985596,0.19644944369792935,0.15870359539985657
0.9873275756835936,0.6574229598045349,0.8558388948440551,0.16369198262691495,0.8851444125175475,0.17308621108531952,0.7214025259017944,0.8570117950439453,0.555877149105072,0.15252366662025452,0.6074668169021606,0.9029176831245422,0.7671962976455688,0.07890861481428145,0.3090350329875946,0.8014354109764099,0.18362490832805636,0.08997221291065216,0.6309075951576233,0.1107081025838852,0.35211244225502014,0.12553298473358154,0.22047148644924164,0.06786779314279556,0.8887211680412291,0.6356560587882996,0.9179056882858275,0.7893006801605223,0.17208845913410187,0.8527100086212158,0.19715556502342224,0.15757067501544952
0.986198842525482,0.6493685841560364,0.8531827330589294,0.16815419495105743,0.8789772987365722,0.1663029044866562,0.7149296998977661,0.8555677533149718,0.5499339103698729,0.14753757417201996,0.6037361025810242,0.9003590941429137,0.7578560709953309,0.07851160317659378,0.30825310945510864,0.7940283417701721,0.18510746955871585,0.09145202487707138,0.6299387216567993,0.10540445894002914,0.35057204961776733,0.12014340609312056,0.2082015573978424,0.06909341365098953,0.8826378583908081,0.6367721557617188,0.9162191152572634,0.7954209446907043,0.17059525847434995,0.8528501987457275,0.20034201443195343,0.1599517911672592
0.9880344006750319,0.6572263373268975,0.8556207352214389,0.1633679982688692,0.8843695786264207,0.1716301722659005,0.7208782765600417,0.857078750928243,0.5550975667105781,0.15159032742182413,0.6063405407799615,0.9025988181432089,0.7672257026036581,0.07765800919797686,0.30802887347009444,0.8011563420295715,0.18170566029018825,0.08859460800886154,0.6303030120001899,0.10930363006061977,0.35100504755973816,0.12455616146326065,0.21863051421112484,0.06711699979172812,0.8881595532099406,0.6349614461263021,0.9180088837941488,0.7895610994762845,0.17113571034537423,0.8524292972352768,0.1961447166071998,0.1573131581147512
0.9875243306159973,0.6551112532615662,0.8548509961082822,0.16583004664807094,0.8827399952071053,0.1702733650093987,0.7187203168869019,0.8568685792741322,0.5535010667074294,0.1503753193787166,0.6053981781005859,0.9020541650908334,0.7644520969617934,0.07808061724617368,0.3082860821769351,0.7990356343133109,0.18284008829366594,0.08957745028393609,0.6304686665534973,0.1081676735054879,0.3510762609186627,0.1239631637221291,0.2153181703317733,0.06769204991204399,0.8866052457264492,0.6351725515865144,0.9174415100188482,0.7911705999147325,0.17185166194325402,0.8525302466892061,0.19717994758061,0.1583245283081418
0.9886107146739957,0.656655877828598,0.8564341366291046,0.16465167701244354,0.8830849230289459,0.1718878597021103,0.7202244699001312,0.8576537668704985,0.5560897290706635,0.15218522399663925,0.606052428483963,0.9024693369865417,0.7664623260498047,0.07830741629004478,0.3076833635568619,0.8009346425533295,0.18230682611465454,0.0890294499695301,0.6306469142436981,0.1092727519571781,0.35109518468379974,0.12493477016687393,0.2193106934428215,0.06770404800772667,0.8889956772327423,0.6358366012573242,0.9188655912876129,0.78920778632164,0.17150229215621948,0.8529514968395233,0.196503184735775,0.15794920921325684
0.9870278537273407,0.65440833568573,0.8548530042171478,0.16644416749477386,0.8812433481216431,0.16903769969940186,0.7161662578582764,0.8580343723297119,0.5525179505348206,0.15046710520982742,0.6053704917430878,0.9019347429275512,0.7619479298591614,0.07745207473635672,0.3075437992811203,0.7968841791152954,0.18384696543216705,0.0900224298238754,0.63010573387146,0.10707947984337807,0.35033728182315826,0.12173552438616753,0.2140078470110893,0.06833474338054657,0.8863773047924042,0.6340606808662415,0.9166544377803802,0.7926905155181884,0.1717511937022209,0.8533411622047424,0.1976398229598999,0.15783759206533432
0.9877277016639708,0.6567133665084839,0.854909598827362,0.16418980062007904,0.8832866549491881,0.1718806028366089,0.7208648324012755,0.8569145798683167,0.5551620125770569,0.15175679326057434,0.606984317302704,0.9020782113075256,0.7668745517730714,0.07717165350914001,0.3082315921783447,0.8005617260932921,0.1814732849597931,0.08885441720485686,0.629968523979187,0.10949502140283585,0.35064074397087097,0.12415143102407455,0.21868354082107544,0.06842780858278275,0.8876414895057678,0.6343647241592407,0.9175861477851869,0.7895043492317199,0.1716285943984985,0.8517307639122009,0.1965397596359253,0.15673385560512543
0.9868570268154144,0.6568387150764465,0.8558599948883057,0.16457756608724594,0.8833388388156891,0.1717768833041191,0.7201626598834991,0.8563040494918823,0.5554088056087494,0.15202172100543976,0.6063831746578217,0.9024418592453003,0.7666145861148834,0.07857327908277512,0.30821560323238373,0.8007722496986389,0.18170908093452454,0.0893293209373951,0.630852609872818,0.10921579226851463,0.3513139486312866,0.12518709152936935,0.21942337602376938,0.0672437958419323,0.8877163231372832,0.6351490914821625,0.9174762964248657,0.7887568473815918,0.1717674508690834,0.8525091111660004,0.19634397327899933,0.15774600207805634
0.9868089556694031,0.6552401781082153,0.8556540012359619,0.16475455462932587,0.8827335238456726,0.16948704421520233,0.7195081114768982,0.8574405908584594,0.554364025592804,0.15076901018619537,0.6057357788085938,0.901929259300232,0.7660068869590758,0.07673201709985733,0.30762919783592224,0.80035799741745,0.181448832154274,0.0885402038693428,0.6298385858535768,0.10750170797109604,0.3499428629875183,0.12293680757284164,0.2161795198917389,0.06727033108472824,0.8880189061164856,0.6354893445968628,0.9181434512138367,0.7900372147560119,0.1706922352313995,0.8516650795936584,0.19548243284225464,0.1567685753107071
0.9863604307174683,0.6550057172775269,0.8555608868598938,0.1647982656955719,0.8822074472904206,0.1718161940574646,0.7203959941864013,0.8576332628726959,0.5545961916446686,0.15188635587692262,0.6065144062042237,0.9015395998954773,0.7661405622959137,0.07768100127577782,0.3070103764533997,0.7995157420635223,0.18214873671531673,0.08932266831398009,0.6305567145347595,0.10903914570808408,0.34934778809547423,0.1228465624153614,0.2178591519594192,0.06829936653375626,0.8878013074398041,0.6355662047863007,0.9182993650436402,0.789082270860672,0.1706814244389534,0.8517336070537567,0.19549304842948914,0.15689581930637359
0.9866608182589213,0.6572420001029968,0.8556559880574545,0.1644583543141683,0.8835795323053995,0.17174658179283142,0.7205823063850403,0.8559442559878031,0.5547628402709961,0.151285653313001,0.6060108343760172,0.902549167474111,0.7663217385609945,0.07815959552923839,0.3089013894399007,0.800521969795227,0.1824943870306015,0.08954321344693501,0.6309276223182678,0.10915381958087285,0.35126909613609314,0.12495535612106323,0.21822475890318552,0.0674670288960139,0.8878683646519979,0.6351870894432068,0.9172073801358539,0.7894051472345988,0.17168847223122916,0.8528104821840922,0.19616015255451202,0.15785633027553558
0.9874065052717924,0.6545970402657986,0.8547363388352096,0.1659905130509287,0.8822751347906888,0.1700743924593553,0.7183333854191005,0.8566940655000508,0.5530594433657825,0.1507287733256817,0.6052261181175709,0.901743795722723,0.7642990057356656,0.07781706954119727,0.3085331686306745,0.7986448523588479,0.1828801470110193,0.089746922662016,0.6303715943358839,0.10806044179480523,0.3512588134035468,0.12367464404087514,0.21504865773022175,0.06791141594294459,0.8861989583820105,0.6347739384509623,0.9173801364377141,0.7915787296369672,0.17148871521931142,0.8522608447819948,0.1975173755781725,0.15812520019244403
0.9860790371894835,0.6340206861495972,0.8457891941070557,0.1842304766178131,0.8708780407905578,0.15846574306488037,0.7025883793830872,0.8563936352729796,0.5348036885261536,0.14537958800792694,0.596318244934082,0.8952484130859374,0.7489789128303527,0.07764900475740431,0.31340306997299194,0.7831304073333741,0.1903695911169052,0.10050422698259352,0.6315946578979492,0.10362931340932846,0.35531732439994806,0.12404779344797134,0.1874845176935196,0.07427745312452316,0.8743161559104918,0.6310456395149231,0.9146308898925779,0.8066816926002502,0.17400772869586945,0.8502494692802429,0.2068987935781479,0.16566982865333557
0.9867585897445679,0.6581646203994751,0.8551884293556212,0.16367782652378082,0.8852478265762329,0.1712013483047485,0.7211699485778807,0.8565167784690858,0.5545459985733032,0.15147612988948822,0.6061816811561584,0.9022677540779112,0.7672184109687805,0.07721822708845137,0.30808424949646,0.8017467260360717,0.18025150895118716,0.08886369317770003,0.6305732131004332,0.1087311878800392,0.35132914781570435,0.12476009875535964,0.2195669263601303,0.06561372429132462,0.8885079622268676,0.6341164708137512,0.9176425337791443,0.7887802720069885,0.17202550172805786,0.8528192043304443,0.1960011720657349,0.1561710238456726
0.9887012243270874,0.6501361131668091,0.8531180620193481,0.17001883685588837,0.8794541954994202,0.1674371063709259,0.7158012390136719,0.8563214540481566,0.5500655174255371,0.1490616351366043,0.6038809418678284,0.9003297090530396,0.7588868737220765,0.08003330230712889,0.30985957384109497,0.7947328090667725,0.18640989065170288,0.09197722375392912,0.6312127709388733,0.10705331712961196,0.35362622141838074,0.122145377099514,0.20780575275421145,0.06982678920030594,0.883868634700775,0.6353256702423096,0.9170182943344115,0.796824872493744,0.17305326461791992,0.8515610694885254,0.20071224868297577,0.16138438880443573
0.9872638791799545,0.6549607783555984,0.8547471314668655,0.1652137078344822,0.8824751168489456,0.17041150033473967,0.7191162794828415,0.8566327601671219,0.5534988135099411,0.1510840557515621,0.6055422633886337,0.90151287317276,0.7651084393262862,0.07760144397616386,0.30791807919740677,0.7991332650184632,0.18250922113656998,0.08932509496808053,0.6303710103034973,0.10838840082287789,0.35091024488210676,0.12358128614723682,0.21585659310221672,0.06797984689474106,0.8866450667381287,0.6345080524682999,0.9176176637411118,0.7906524628400803,0.17113462314009667,0.8519122064113617,0.19662465676665306,0.15758167207241058
0.9880264401435852,0.6555516719818115,0.8553952177365621,0.16572716335455576,0.8818630576133728,0.1707059144973755,0.7181446353594462,0.8570170998573303,0.5536661744117737,0.15121401846408844,0.6059085528055826,0.9025036891301473,0.7644235094388326,0.07804771264394124,0.30829259753227234,0.7991125186284384,0.18291518092155457,0.08947085837523143,0.6299523313840231,0.10782181471586227,0.3507903416951497,0.12427797416845958,0.2160885731379191,0.06866960475842158,0.8870054284731547,0.6350744764010111,0.9174870451291403,0.7915594577789307,0.17164299885431925,0.8526066939036051,0.19712862372398376,0.1586173822482427
0.9871893326441447,0.6566960414250692,0.8546890219052633,0.16385058065255484,0.8837974270184835,0.17111034194628397,0.7199427684148153,0.8563367327054342,0.5542212724685669,0.15139005581537882,0.605588694413503,0.9019408822059631,0.7662761211395264,0.07755707701047261,0.30751092235247296,0.8003692626953125,0.18129446109135947,0.08809603502353032,0.630307118097941,0.10898442069689433,0.3505715032418569,0.12412453691164653,0.21831410129865012,0.06710816423098247,0.8870434761047363,0.6336310903231303,0.9173906048138937,0.7890665729840597,0.1708424985408783,0.8518810669581095,0.1956848154465357,0.15656913816928864
0.9860435724258423,0.6530258059501648,0.8544259667396545,0.16636649519205093,0.8808895945549011,0.168469600379467,0.7165942192077637,0.8563354015350342,0.552084356546402,0.14939561486244202,0.6047153174877167,0.9015852212905884,0.7622894644737244,0.07835924252867699,0.30843019485473633,0.7963930368423462,0.18349657952785492,0.08956361189484596,0.629888117313385,0.10757340118288994,0.3504352420568466,0.12239138409495354,0.213096521794796,0.06796225532889366,0.8847960531711578,0.6338786780834198,0.9157804846763611,0.7915902733802795,0.17166664451360703,0.8510809540748596,0.19810855388641357,0.1583413928747177
0.9890001416206362,0.652886688709259,0.8533201813697816,0.1693016141653061,0.8801573514938353,0.17124782502651215,0.7155676484107971,0.8575523495674133,0.551223874092102,0.14976662397384644,0.6045047640800476,0.9026291966438291,0.7601810097694398,0.08086174726486206,0.3099336624145508,0.7947076559066771,0.18672244250774384,0.09184158593416213,0.6314242482185364,0.10842335224151611,0.35258591175079346,0.12417913228273392,0.2103203237056732,0.07063513994216919,0.8837934136390686,0.6358498930931091,0.9166946411132812,0.7958983182907104,0.17429876327514648,0.8519178032875061,0.2014542669057846,0.16238169372081757
0.9877344965934752,0.6581827998161316,0.8555752635002136,0.16432246565818787,0.8842944502830505,0.17382138967514038,0.7210788130760192,0.856703281402588,0.5557498931884766,0.1531233191490173,0.6072010397911072,0.9028133153915405,0.7682623267173766,0.07981328666210175,0.3095781207084656,0.8006990551948547,0.18298958241939545,0.08865959942340851,0.6310000419616699,0.1116335242986679,0.3526204526424408,0.12703323364257812,0.22051051259040833,0.06794927269220352,0.8882706761360168,0.6350018382072449,0.9175077080726624,0.7891576290130614,0.17290905117988586,0.8521131277084351,0.19724488258361816,0.1577664166688919
0.9885289867719015,0.6522909005482992,0.8544102509816488,0.1680332471927007,0.8808620770772299,0.168984924753507,0.7161611517270406,0.856889029343923,0.5513673027356466,0.1482096016407013,0.6041068832079569,0.9014879266421,0.761586050192515,0.0790794591108958,0.3086985647678375,0.7968560258547465,0.1846523384253184,0.08989837517340978,0.6312073071797689,0.10703110446532567,0.35128835837046307,0.1230288247267405,0.21056660016377768,0.06959158927202225,0.8846200108528137,0.6362889011700948,0.9168957273165383,0.7946372826894125,0.17169347405433655,0.8520528475443522,0.19881037871042886,0.1599088857571284
0.9884334405263265,0.6548045873641968,0.8543317218621572,0.16561108330885568,0.8825125396251678,0.1695780704418818,0.7183013955752054,0.8567657470703125,0.55274498462677,0.14917854964733124,0.6049848099549612,0.9019253551959991,0.7636046012242635,0.07736186310648918,0.3081165502468745,0.7987741033236185,0.18274004757404327,0.08913191532095273,0.6299496392409006,0.10709521422783534,0.3504898101091385,0.12288199365139008,0.21389401704072952,0.06819835429390271,0.8859356641769409,0.6350399851799011,0.9176987508932749,0.792388379573822,0.17103665322065353,0.8524229427178701,0.19745022306839624,0.15820369869470596
0.9883918166160583,0.6581319570541382,0.8567221760749818,0.1637202501296997,0.8847448229789734,0.17373640835285187,0.721785843372345,0.8569071292877197,0.555747926235199,0.15317170321941376,0.6069616079330444,0.9029930233955384,0.7679033875465393,0.0792447179555893,0.3086967468261719,0.8012465238571168,0.18256118893623352,0.08936936408281326,0.630817174911499,0.11009729653596878,0.35340121388435364,0.12592031061649323,0.2195179760456085,0.06703730672597885,0.8888174891471863,0.6362196803092957,0.9186742901802064,0.7899928092956544,0.17196473479270935,0.8532776832580566,0.19691286981105804,0.15862290561199188
0.9875919222831726,0.6561309099197388,0.8551214337348939,0.16460996866226196,0.8834706544876098,0.1710669696331024,0.7196197509765625,0.8567219972610474,0.5544125437736511,0.15026165544986725,0.60560405254364,0.902086555957794,0.7663657069206237,0.07735934108495712,0.30778753757476807,0.8009295463562012,0.18149510025978088,0.08825355768203734,0.6306735277175903,0.1079769656062126,0.3505561351776123,0.12363527715206146,0.21710157394409177,0.06735086441040039,0.8880540132522582,0.6347401738166809,0.9176045060157776,0.7896277308464049,0.1708081215620041,0.8521926999092102,0.19553318619728088,0.15708933770656583
0.9883360862731932,0.6584102511405945,0.8554645776748657,0.1635541319847107,0.8844628930091859,0.17160139977931976,0.7200976610183716,0.8564324975013733,0.5548680424690248,0.15167789161205292,0.6063905358314513,0.9025787115097044,0.76730477809906,0.07687760144472122,0.30848202109336853,0.8010092973709105,0.18180404603481287,0.08911090344190596,0.6303702592849731,0.10813724249601364,0.35116374492645264,0.1244998350739479,0.21768975257873532,0.06654564291238785,0.8889090418815613,0.6349475979804993,0.9183678030967712,0.7893574237823486,0.17132601141929626,0.8535443544387817,0.19572637975215912,0.15679217875003815
0.9875209257006645,0.6535229682922363,0.8545400127768517,0.16724712029099464,0.8812980353832245,0.16946337558329105,0.7173791751265526,0.8570115491747856,0.5519619435071945,0.15015553124248981,0.6050322651863098,0.9017316699028015,0.7623228281736374,0.07864165212959051,0.3089305907487869,0.7972392812371254,0.1836072113364935,0.09041964169591665,0.630027174949646,0.10824282560497522,0.3516056388616562,0.12357380799949169,0.2134282011538744,0.06833656691014767,0.8855519667267799,0.6350638791918755,0.9167851209640503,0.7928806319832802,0.17232289165258408,0.8522160425782203,0.19854080490767956,0.15918915532529354
0.9874259042739868,0.6545342898368836,0.8547052884101868,0.16636677742004394,0.8822998213768005,0.1702274662256241,0.7184193634986877,0.8565366864204407,0.553045346736908,0.15104383885860442,0.6053047752380372,0.9015510058403016,0.7648771214485168,0.07791096836328507,0.3089117181301117,0.7984611845016479,0.18301158308982848,0.08969224900007249,0.6305791330337525,0.10854820609092712,0.3512940979003906,0.12412540167570114,0.215103759765625,0.06806305766105653,0.8860555720329285,0.6346790313720703,0.9174788188934326,0.7911763572692871,0.17172797560691833,0.8518867588043213,0.1973844736814499,0.15815020620822906
0.9889103174209594,0.653538167476654,0.8540331721305846,0.16769500076770782,0.8813210129737854,0.1684117615222931,0.7153211236000061,0.857770800590515,0.5531883239746094,0.14901775121688843,0.6055148839950562,0.9025492072105408,0.7627610564231871,0.0777423083782196,0.309070885181427,0.7977811694145202,0.18530149757862088,0.09104897826910019,0.6306691765785217,0.10594178736209868,0.35162094235420227,0.1223808228969574,0.2100701928138733,0.06802909076213837,0.8859090805053712,0.6360489130020142,0.9183501005172728,0.7938276529312133,0.17314906418323517,0.8536538481712341,0.19982436299324036,0.15960784256458282
0.9881471157073974,0.6565453886985779,0.8555883049964905,0.16412781178951263,0.8835644364356995,0.1711418181657791,0.7197512984275818,0.8564302802085877,0.5546890258789062,0.1511362999677658,0.6060301184654235,0.9023699164390564,0.7659526348114014,0.07819008827209473,0.3085108816623688,0.8002066850662232,0.18205850422382353,0.08837511688470841,0.6306820392608643,0.10854173600673675,0.3514979839324951,0.12456412762403488,0.21780823171138758,0.06713085770606994,0.8873867511749267,0.6347922921180725,0.9174920797348021,0.7901807308197021,0.17159822583198547,0.8520810961723327,0.19729331731796265,0.15737224221229554
0.988435924053192,0.653415322303772,0.8544722199440001,0.16594091057777405,0.8816163539886473,0.1690322458744049,0.7161020040512085,0.857668101787567,0.5519967079162598,0.1495845913887024,0.6051788926124573,0.9022971987724304,0.7626241445541383,0.07776930928230284,0.30884504318237305,0.7982551455497741,0.18417860567569727,0.08917830884456633,0.6295766234397888,0.1059506982564926,0.3498913049697876,0.12352363765239716,0.2119180262088776,0.06773985922336577,0.8863177299499511,0.6359508037567139,0.9173032641410829,0.7951368689537048,0.172007218003273,0.8536909222602845,0.19880384206771848,0.15884292125701904
0.9879339814186097,0.6556727409362793,0.8552856564521789,0.1643923133611679,0.8834280252456665,0.17037892639636992,0.7191441297531128,0.8575388193130493,0.554113757610321,0.1505087673664093,0.605724573135376,0.9022566556930542,0.7656216025352477,0.07771741300821304,0.3077841460704803,0.800377345085144,0.1822270154953003,0.08880440145730972,0.6305381655693054,0.10802443474531173,0.3505601406097412,0.12346678972244263,0.2162998229265213,0.06717961132526398,0.8875075221061707,0.6354036569595337,0.9178536176681517,0.7909183502197266,0.17117747962474822,0.852505362033844,0.19670179784297942,0.1577993392944336
0.9869957566261292,0.6514248251914978,0.8535304963588715,0.16804835200309753,0.8800520896911621,0.16732406616210935,0.7155173420906067,0.8566140830516815,0.550045371055603,0.14751339703798294,0.6033971607685089,0.9015326201915741,0.7603172957897186,0.07825779914855957,0.30925899744033813,0.7957226932048796,0.18422579020261765,0.09076880291104317,0.6306093633174896,0.10581710189580917,0.3508484214544296,0.12243982404470444,0.2093171924352646,0.06886890530586243,0.8846058249473572,0.6350513994693756,0.9154966473579406,0.7945849001407623,0.17198817431926727,0.8520330190658569,0.19864153116941452,0.15985409170389175
0.9878973166147866,0.6553333401679993,0.8549986282984415,0.16600212951501211,0.8826413949330648,0.1708577573299408,0.7184441288312277,0.8578975995381674,0.5541181564331055,0.14996628463268277,0.605353593826294,0.902101735273997,0.763958474000295,0.07773103564977646,0.30761541922887164,0.7992252111434937,0.18307149906953177,0.08901259551445644,0.6311718424161276,0.10742081701755524,0.35050226251284283,0.12300576517979304,0.21554531653722128,0.06786172091960907,0.8868538339932758,0.6354656020800272,0.9176558057467142,0.7913144826889038,0.17186257739861807,0.8526327013969421,0.19719884296258286,0.15767584244410196
0.9878355637192726,0.65507672727108,0.8546194322407246,0.16575557086616755,0.8826114647090435,0.17046122159808874,0.7185492888092995,0.8568110093474388,0.5535779148340225,0.15069515816867352,0.6054740585386753,0.9019874334335327,0.7643940821290016,0.07812821120023727,0.30855741165578365,0.7988134361803532,0.18276567291468382,0.08957293396815658,0.6305145621299744,0.10823343554511666,0.351152628660202,0.12397690629586577,0.2152921361848712,0.0681110555306077,0.8861373662948608,0.6348508186638355,0.917351484298706,0.7914100736379623,0.1718255439773202,0.8519881069660187,0.19768222328275442,0.15825577545911074
0.9884777069091795,0.6576396822929382,0.8553913235664367,0.1636890321969986,0.8833954334259033,0.1720120757818222,0.719912588596344,0.858003795146942,0.5562458038330078,0.1523088663816452,0.6071575880050659,0.9028222560882568,0.7669610977172852,0.07719631493091582,0.3091686964035034,0.8010013103485107,0.1818729192018509,0.0890028029680252,0.6298834681510925,0.10857106000185011,0.3506925702095032,0.12479931861162184,0.2184060662984848,0.0676521584391594,0.8882527947425841,0.634757936000824,0.917552411556244,0.7898050546646118,0.1719299554824829,0.852279782295227,0.1975862830877304,0.15685001015663147
0.9893620014190672,0.6580196619033812,0.8542433381080627,0.16486433148384094,0.8842832446098327,0.17081767320632935,0.7193093299865723,0.8573481440544128,0.5549825429916382,0.1513087302446365,0.6052291393280029,0.9033868312835692,0.7662437558174133,0.0769188553094864,0.3082050085067749,0.801029086112976,0.18294577300548556,0.09039862453937529,0.6308460831642151,0.10882783681154252,0.35222363471984863,0.12462343275547028,0.21638214588165283,0.06730407476425171,0.8889645934104918,0.6340512037277222,0.91843181848526,0.7900118231773376,0.17196954786777496,0.8540711402893065,0.196529358625412,0.15801380574703217
0.9871451258659362,0.6580926179885864,0.8563137054443358,0.16357329487800598,0.8862815499305725,0.17283819615840912,0.7225385308265686,0.8577015995979309,0.5558696389198303,0.15221430361270905,0.6071904301643372,0.9025238156318665,0.768273890018463,0.07754722237586974,0.3083080351352692,0.8021726608276366,0.1811782866716385,0.08925884962081909,0.6302789449691772,0.11029954999685287,0.35114437341690063,0.12504492700099945,0.22027796506881717,0.06676766276359558,0.8888115882873534,0.6357553005218506,0.9187430739402771,0.7885797619819641,0.17113392055034635,0.8528450727462769,0.195705771446228,0.15696574747562408
0.9872152407964071,0.6576395432154337,0.8553818464279175,0.1639833947022756,0.8838399449984232,0.17205112675825754,0.7206036647160848,0.8566765983899435,0.5548645853996277,0.1521055648724238,0.6061069567998251,0.9020138184229533,0.7674370010693868,0.07771172374486923,0.3082297146320343,0.8004639546076456,0.18151913086573282,0.08901954938968022,0.6304213007291158,0.1092722937464714,0.3506944676240285,0.12431079894304276,0.21863293647766113,0.06725956251223882,0.8880055149396261,0.6342896024386088,0.9176060358683268,0.7886498173077902,0.17133443554242453,0.8520933588345846,0.19591508309046426,0.1570614129304886
0.9864687919616699,0.6499412357807159,0.8528600633144379,0.16968151926994324,0.8787644356489182,0.1674477532505989,0.7151786386966705,0.8556470274925232,0.5495095103979111,0.1494102030992508,0.6034056097269058,0.8995824903249741,0.7616204470396042,0.07732679694890976,0.30990156531333923,0.794682577252388,0.184170663356781,0.09145259484648705,0.6302800476551056,0.10721715167164803,0.35170553624629974,0.12278945185244082,0.20919736102223396,0.06936623901128769,0.8833903670310974,0.6340213119983673,0.9168147146701812,0.7942179292440414,0.17144889011979103,0.8514983803033829,0.19829539954662323,0.15932537987828255
0.9894979000091552,0.6584266424179077,0.8563845753669738,0.16499099135398865,0.8837876319885254,0.17248257994651794,0.7210350036621093,0.8585197329521179,0.5556880831718445,0.15330563485622406,0.6067914962768555,0.9033399224281312,0.7685123682022095,0.07803255319595337,0.30870819091796875,0.8017603754997252,0.18138720095157623,0.08824369311332703,0.6307991147041321,0.10973416268825532,0.3515804708003998,0.12600156664848328,0.21893823146820068,0.06778710335493088,0.8892558813095092,0.6350441575050354,0.9186778664588928,0.7900638580322266,0.1725194752216339,0.8528466224670409,0.19664566218853,0.1575908660888672
0.9878120720386505,0.6572762727737427,0.8552382290363312,0.16410335898399353,0.8832401633262634,0.17157329618930817,0.7196083068847656,0.856208711862564,0.5543428063392639,0.15180054306983948,0.6057842671871185,0.9026058912277223,0.7667185366153717,0.0781606063246727,0.3085969537496567,0.8004738986492157,0.1817036047577858,0.08825869113206863,0.6302699446678162,0.10898177698254585,0.3509474992752075,0.12478962168097496,0.2178713008761406,0.06758730113506317,0.8868723809719086,0.6341577172279358,0.9174226820468903,0.7889718115329741,0.1706767976284027,0.851469188928604,0.1965316534042358,0.1576019749045372
0.987371163708823,0.6535901044096265,0.8544021844863892,0.16670823842287064,0.8814988732337952,0.16945338887827738,0.7176541856357029,0.8568178585597447,0.5521215668746403,0.14997124459062303,0.6048439017363957,0.9010605471474784,0.7630967327526638,0.0774402144764151,0.3082503080368042,0.7976163710866656,0.1833370572754315,0.08997309101479394,0.6303040087223053,0.10786546234573637,0.35083075506346567,0.12301223778298923,0.21354329266718455,0.06873188380684171,0.8856555649212429,0.6347487611430032,0.9172553930963788,0.7922116262572152,0.17101823112794332,0.8520338748182569,0.19747049042156764,0.1582465363400323
0.9881954789161682,0.6578637957572937,0.8547695875167847,0.16317462921142578,0.8849616646766663,0.17170388996601105,0.7209328413009644,0.8571038246154785,0.5543994307518004,0.15194708108901975,0.6061943173408508,0.9021881818771361,0.7671326994895934,0.07669454813003539,0.3078190088272095,0.8013374805450438,0.17996126413345337,0.08870209008455276,0.6296318769454956,0.10884533822536469,0.3517298996448517,0.12455864995718002,0.21759784221649167,0.06570444256067276,0.8881497383117675,0.6342329382896423,0.9181361198425294,0.7888479828834533,0.17130348086357117,0.8528093099594115,0.19579051434993744,0.15656636655330655
0.987352967262268,0.6570145487785339,0.855431854724884,0.1637181043624878,0.8842898607254028,0.17201758921146393,0.721200704574585,0.8574807047843933,0.5545132756233215,0.15141798555850983,0.6068316698074341,0.9020124673843384,0.767599582672119,0.07729024440050125,0.3075099289417267,0.8010387420654298,0.18028680980205533,0.08807158470153809,0.6306908130645752,0.10950829088687895,0.349890649318695,0.12416068464517592,0.2190267890691757,0.06694509834051132,0.8877372741699218,0.6347476840019226,0.9178902506828307,0.7883769273757935,0.17097420990467072,0.8518505692481994,0.19530898332595825,0.1565588414669037
0.9862045496702194,0.6523056924343109,0.8541376590728759,0.168399415910244,0.881108283996582,0.16921808570623398,0.7168210446834563,0.855822816491127,0.5506644248962402,0.14949129521846768,0.6043108701705933,0.9005006849765778,0.762225553393364,0.07862709648907185,0.3091742992401123,0.7962702661752701,0.18357810005545616,0.09044390358030796,0.6302549988031387,0.10797760263085365,0.35082796961069107,0.12325105629861355,0.2116827741265297,0.06891492381691933,0.884690910577774,0.6350553929805756,0.9168272465467452,0.7929868102073668,0.17142945155501366,0.8517543822526932,0.19762204587459561,0.1590893417596817
0.9881120324134827,0.6563485331005521,0.8556463917096455,0.16396262910630968,0.8838675419489542,0.17072322302394444,0.7198130554623074,0.8568635185559591,0.5545210639635721,0.15126912626955244,0.6060840884844462,0.9026325411266751,0.7659424940745035,0.07789112296369341,0.30815570884280735,0.8001737925741408,0.18157053821616703,0.08848513000541264,0.6299682392014397,0.10870407852861616,0.3509468370013767,0.12390664219856262,0.21732043226559958,0.06673390914996465,0.8871903883086311,0.6349634461932712,0.9178722037209405,0.7906155188878378,0.1713056829240587,0.8526239593823751,0.1969031641880671,0.15739942259258694
0.9884657263755798,0.6560293237368265,0.8555650512377421,0.16452287137508392,0.8834220369656881,0.17057677606741586,0.7193110386530558,0.8578577836354574,0.5545983910560608,0.15074725449085233,0.6057924628257751,0.9018352230389913,0.7651276191075643,0.07699190576871236,0.30667121211687726,0.799763560295105,0.18123356997966766,0.0883765493830045,0.6303790410359701,0.10803587734699249,0.3501177430152893,0.12303493668635686,0.21684914827346802,0.06667712330818176,0.8874416748682658,0.6346467932065327,0.9177136421203613,0.790329098701477,0.17146761218706766,0.8530682524045309,0.19597934186458588,0.15691500902175903
0.9879669632230487,0.6571867210524422,0.8559349605015346,0.16371944546699524,0.8842794554574149,0.1722535789012909,0.7211812904902867,0.8577696851321629,0.555567170892443,0.15191722129072463,0.606717620577131,0.9023551770618984,0.7675371255193438,0.07772709961448397,0.30753675954682486,0.8011178714888436,0.18144917913845604,0.08837372703211648,0.6309045723506382,0.10949864557811193,0.350589428629194,0.12423912755080632,0.21920551572527205,0.06710581587893623,0.8883551955223083,0.6351222225597927,0.918478114264352,0.7890381472451347,0.1713277122804097,0.852481314114162,0.19572743773460388,0.15690538500036513
0.9876777529716492,0.653236135840416,0.8543575257062912,0.16730888560414314,0.8813309520483017,0.16928182169795036,0.7172977402806282,0.8567516207695007,0.551953636109829,0.14997827261686325,0.6046791300177574,0.9013171270489693,0.7627063244581223,0.07822150364518166,0.30877430737018585,0.7970949932932854,0.18381750024855137,0.08988181967288256,0.6301784217357635,0.10773595701903105,0.35123004391789436,0.12354221846908331,0.2128156553953886,0.06897573359310627,0.8851663321256638,0.6350102871656418,0.9169813245534897,0.7934920117259024,0.17195767723023891,0.8522289469838142,0.1986242476850748,0.1585515011101961
0.9871331930160523,0.6513653635978699,0.8530591249465942,0.16889914274215698,0.8802337646484375,0.16823884546756745,0.7156072854995728,0.8558441519737243,0.5506450295448303,0.15065686404705048,0.6041858792304993,0.9007343411445617,0.7615220427513123,0.07821606993675231,0.3101522743701935,0.7959325432777404,0.18492847681045532,0.09214155375957488,0.63000967502594,0.10746306627988815,0.35285426378250123,0.12371205240488052,0.21037324666976928,0.06944257318973542,0.8836902499198913,0.6350768089294434,0.9166937232017517,0.7940356492996214,0.1719995766878128,0.8512574315071106,0.19943202435970303,0.15989177227020263
0.9877397418022156,0.6557428439458212,0.8553644021352133,0.16597847640514374,0.8832328915596008,0.1713713457187017,0.7194493810335795,0.8566196958223978,0.5540220141410828,0.1512166162331899,0.605823795000712,0.9020316004753113,0.7650241454442342,0.078484741350015,0.3083166182041168,0.7996885776519775,0.18210341533025107,0.08972021192312239,0.6307128071784973,0.10847121477127074,0.3514002462228139,0.12440839906533559,0.21638226012388864,0.06753969937562943,0.8872239788373312,0.6358223954836527,0.9181016087532043,0.7906371553738912,0.17194944620132446,0.8529686133066813,0.19696729381879172,0.15836694339911142
0.986246794462204,0.6470095813274384,0.8516996502876282,0.17183318734169006,0.8785879611968994,0.16517049074172974,0.7128851413726807,0.8546925485134124,0.54731684923172,0.14866302907466888,0.6016333997249603,0.8984850645065308,0.7588357031345367,0.0768299549818039,0.3109019100666046,0.7933729887008667,0.18578612059354782,0.0934046022593975,0.6297052502632141,0.10675829276442528,0.35321106016635895,0.12338750064373016,0.20644126832485196,0.07131772860884666,0.8813505172729492,0.6335605978965759,0.915677547454834,0.7968264520168304,0.17216739058494568,0.8505235314369202,0.200931616127491,0.15985318273305893
0.987374957844063,0.655332926467613,0.8551943942352578,0.16498703327443864,0.8827922273565222,0.17078794097458874,0.7193567028752079,0.8570235473138315,0.5540813556423894,0.15099539513941165,0.6057960355723345,0.9019169304105971,0.7653499329531634,0.0778169102690838,0.3079392711321513,0.7995890281818531,0.18230589495764837,0.08919091914538983,0.6304611660816052,0.10855147579201946,0.3506155044944198,0.12377133358407903,0.21670900726759876,0.0678223717543814,0.887036669254303,0.6350505153338114,0.9175571251798559,0.7903732772226687,0.17127181192239124,0.8520718446484319,0.1967107315858205,0.15761625126556114
0.9874566793441772,0.6562890410423279,0.8548869490623474,0.16322430968284607,0.884911298751831,0.17086783051490784,0.72135990858078,0.8566277027130128,0.5557217597961426,0.15117450058460236,0.6060277223587036,0.9018210768699646,0.7669280767440797,0.07693013548851013,0.30706179141998285,0.8013330698013306,0.1800362765789032,0.0878944844007492,0.6305340528488159,0.10916533321142197,0.35061898827552795,0.12433812767267229,0.2198549211025238,0.06625682860612869,0.8867810964584351,0.6335342526435852,0.9175145626068115,0.7877664566040038,0.17122222483158112,0.8517535924911499,0.1963685154914856,0.1553744524717331
0.9860107103983561,0.643203059832255,0.8506277402242025,0.1762829820315043,0.8743095199267069,0.16365658740202585,0.7083538174629211,0.8555142680803934,0.5432383815447489,0.1488523781299591,0.5998499592145284,0.8973950743675231,0.7552833954493204,0.07618328680594762,0.3113020956516266,0.7889728546142578,0.1877198318640391,0.09471129874388377,0.6300780773162842,0.10382151106993358,0.3540106912453969,0.12150558084249496,0.19948124388853705,0.0709793468316396,0.8780336976051331,0.6325634320576986,0.9163861274719238,0.7998935580253601,0.1719482640425364,0.8506086270014445,0.20249280333518982,0.16125751535097757
0.9883500635623933,0.6525077819824219,0.8542274832725525,0.16945969313383102,0.8810923099517822,0.1685180515050888,0.715098112821579,0.8579587936401366,0.551842212677002,0.14935272186994553,0.6047675013542175,0.9030582606792451,0.7613099813461304,0.07963372021913528,0.3106367439031601,0.7969780266284943,0.18571650981903073,0.09196891263127327,0.6312794387340546,0.10659870132803917,0.3518344312906265,0.12353333830833435,0.21057177335023877,0.0689873918890953,0.8858195543289185,0.6368718445301056,0.9172290861606598,0.7953649163246155,0.17393167316913605,0.8531361222267151,0.2006477788090706,0.16080311685800552
0.9847888350486755,0.6389175057411194,0.847476840019226,0.17824068665504456,0.8728429079055786,0.16254688799381256,0.7079383134841919,0.8547818064689635,0.5429872274398804,0.1476820409297943,0.5990967750549316,0.8954523801803587,0.7523528337478637,0.07763812690973283,0.31155040860176086,0.7867953777313232,0.1876550614833832,0.09776949137449265,0.6297840476036072,0.1061660498380661,0.35298940539360046,0.12154737114906312,0.19582635164260864,0.07556416839361191,0.8764676451683043,0.6337195634841919,0.9145009517669677,0.8022351861000061,0.17196772992610931,0.8481607437133789,0.20359367132186887,0.1627892255783081
0.9885439276695251,0.6573439240455627,0.8560943603515626,0.16357000172138214,0.8847087621688842,0.1711807996034622,0.7198891639709473,0.8574102520942688,0.5556445717811584,0.15095609426498413,0.6062151193618774,0.9034939408302307,0.7672463059425354,0.07818792015314102,0.30909937620162964,0.801650583744049,0.1820482760667801,0.08848841488361359,0.6306269764900208,0.10818266868591309,0.3512120246887207,0.12452485412359236,0.21812836825847623,0.06677027046680449,0.8886497020721436,0.636262059211731,0.9183098077774048,0.7913113236427307,0.17145812511444092,0.8525595664978027,0.19785806536674497,0.15766087174415588
0.9868561327457426,0.6549423336982727,0.8553580343723297,0.16494131088256836,0.8817808330059052,0.1706458479166031,0.7186813950538635,0.8566987216472626,0.5535477697849274,0.1507551372051239,0.6054369509220123,0.9018577337265015,0.7647391557693481,0.07888207957148552,0.307791605591774,0.7988446056842804,0.1831696480512619,0.08936918899416922,0.6312439739704132,0.10856566205620766,0.3510895222425461,0.1236206404864788,0.21582551300525665,0.0678316093981266,0.8867965340614319,0.6354304552078247,0.9169421195983887,0.7908403873443602,0.17136961221694946,0.8517628610134125,0.1976710632443428,0.15873853862285614
0.9875338077545166,0.6565469801425934,0.855216234922409,0.163508802652359,0.8835169970989227,0.17093895375728607,0.7192267179489136,0.8566256165504456,0.554533064365387,0.1510469764471054,0.6060285568237305,0.9024943113327026,0.7662252485752106,0.07797078043222427,0.3083132803440094,0.8008897304534912,0.18183846771717072,0.08871780708432198,0.6305197179317474,0.10835320502519608,0.35178807377815247,0.12445470690727234,0.21760207414627075,0.06629801914095879,0.8876542747020721,0.6350051462650299,0.9175809621810913,0.7903609275817871,0.17101959884166718,0.8526882231235504,0.1970198005437851,0.15763504803180695
0.9868668715159098,0.6460880835851034,0.8516936302185059,0.17367439468701681,0.8776377439498901,0.1657900313536326,0.711844821770986,0.8570161461830139,0.5468647678693136,0.14920746783415476,0.6024659673372904,0.89881698290507,0.7587155103683472,0.07730749497811,0.30975345770517987,0.7930024067560831,0.1858989795049031,0.09368218481540679,0.6309662659962972,0.10615603377421695,0.35280561447143555,0.12195024142662685,0.20588892201582587,0.07080160329739253,0.8812235395113627,0.6353070338567098,0.9168646931648254,0.796814183394114,0.17212449510892233,0.8508566617965698,0.2003127932548523,0.16033858060836792
0.9868395924568176,0.6572170257568359,0.8555123209953309,0.16395066678524017,0.8845462799072266,0.17405296862125397,0.7222990989685057,0.8565554022789001,0.5558264851570128,0.15298205614089963,0.6073288321495056,0.9017978906631469,0.7679579257965088,0.07896052300930022,0.308512419462204,0.8006808757781982,0.18206681311130524,0.08966445177793504,0.6309906840324402,0.11160928755998611,0.3515848517417908,0.1256352961063385,0.22036379575729367,0.06778302788734436,0.8875143527984619,0.6346526145935059,0.917982339859009,0.7877107262611389,0.1719869077205658,0.8520013689994813,0.19659295678138727,0.15743660926818848
0.9871193468570709,0.656660795211792,0.8555490076541901,0.16315854340791702,0.8845705687999725,0.1710796356201172,0.7214403748512268,0.8570866584777832,0.5549566745758057,0.15084975212812424,0.6060250401496887,0.901735693216324,0.7674657702445983,0.07700889185070992,0.3077235519886017,0.801224559545517,0.1805618852376938,0.08843058720231056,0.6300815343856812,0.10951150581240654,0.3503429740667343,0.12366080284118652,0.21848773956298828,0.06639887765049934,0.8881117105484009,0.634301632642746,0.9179770350456238,0.7882628440856934,0.1706339791417122,0.8520362973213196,0.1950051411986351,0.1562417894601822
0.9878300031026205,0.6543429228994582,0.8548552592595418,0.16678032775719961,0.882489800453186,0.17062700622611576,0.7183150119251676,0.857081327173445,0.5537097520298428,0.15086073014471266,0.6054320865207248,0.9021670089827644,0.7642940150366889,0.07888288961516486,0.3089603881041209,0.798587871922387,0.18366842965284982,0.09049520807133779,0.6310704747835795,0.10838057845830917,0.3518136342366536,0.1243982646200392,0.2148831486701965,0.06908329327901204,0.8866734769609239,0.6354728076193068,0.9170321027437845,0.792466488149431,0.1726499597231547,0.8522286944919162,0.19847308595975238,0.15884621772501203
0.9864082336425779,0.6548324227333069,0.8538404703140258,0.1636393666267395,0.8810006976127625,0.16981317102909088,0.7186362147331238,0.8554108142852782,0.5531520247459412,0.1507507711648941,0.6062336564064026,0.9015715718269347,0.7638221383094788,0.07734560221433638,0.3073335886001587,0.7975526452064513,0.18158453702926636,0.0877113565802574,0.629435122013092,0.10781940817832945,0.34942927956581116,0.12209148705005644,0.21621890366077423,0.06773153692483902,0.8844438195228576,0.633154034614563,0.9163580536842345,0.7896323800086974,0.16999478638172147,0.8503390550613403,0.19657704234123227,0.1570317894220352
0.9884358247121177,0.6555219888687134,0.8545401295026144,0.1649974932273229,0.8830653627713522,0.17072343826293945,0.7183105945587158,0.856502115726471,0.5536792874336243,0.15078454713026682,0.6052562793095907,0.9022397796312968,0.764474113782247,0.07803721229235332,0.308907429377238,0.798556903998057,0.18332037329673767,0.0897478386759758,0.6302403807640076,0.10805892199277878,0.35157835483551025,0.12356241295735042,0.21498714884122208,0.06819309294223785,0.8860896229743956,0.63469926516215,0.9176969528198241,0.791960616906484,0.17103137572606406,0.8527018229166666,0.19844886660575867,0.15849231680234274
0.987331748008728,0.6556856036186217,0.8553725481033325,0.1645771712064743,0.8828746080398558,0.17029112577438354,0.7183905839920044,0.856665849685669,0.5535368323326111,0.15045350790023804,0.6055833101272583,0.9013080596923827,0.7644481062889099,0.07782522588968277,0.3074203133583069,0.7999737858772279,0.18183584511280057,0.08882103115320204,0.6305236220359801,0.10764030367136,0.3513589799404144,0.12338025867938995,0.21740278601646423,0.06693988293409348,0.8875724673271179,0.6336051821708679,0.9173395633697508,0.7893485426902771,0.1712001860141754,0.8524526953697203,0.19600287079811096,0.1566187888383865
0.9870737279589111,0.6549910029044023,0.8552716853650839,0.1651886414635826,0.882313189071578,0.17099660997455185,0.7194069901833663,0.8570079070490759,0.5541349987725954,0.15122946210809657,0.6058752887152337,0.901742683069126,0.7652100590435235,0.07794087657050507,0.30783965015733566,0.7992594805923667,0.18266241927001925,0.08940684246654446,0.6306102142946141,0.10865589618884228,0.350399029416007,0.12348816780423796,0.21663918728763992,0.06809991547787511,0.8871015358615566,0.6352887060996648,0.9176749385691978,0.7903138523971711,0.171209030054711,0.8519820591082444,0.19668287713382696,0.15768450317350594
0.9882993698120115,0.6576017141342163,0.8555797338485717,0.16252484917640686,0.8842707872390747,0.17164075374603271,0.720785081386566,0.8560588955879211,0.5555195808410645,0.15142883360385895,0.6059220433235168,0.9031807780265808,0.7681310772895813,0.07726429402828217,0.3088520467281341,0.8019419908523558,0.1812043190002441,0.08997669816017152,0.6308642029762268,0.10826925188302992,0.351500928401947,0.1238369271159172,0.2168886214494705,0.06642776727676392,0.8889089822769165,0.6355674862861633,0.9183083176612854,0.7900009155273436,0.1702284961938858,0.8520399332046509,0.19670452177524567,0.15803956985473633
0.9896992444992064,0.6570176482200624,0.8561100959777832,0.16380098462104797,0.8837200403213502,0.17197604477405548,0.7199802994728088,0.8578776121139526,0.5553205013275145,0.15278737246990204,0.6058329939842224,0.9029989838600159,0.7674314379692077,0.07830787450075148,0.30848830938339233,0.8009439706802368,0.1824921816587448,0.08949043601751326,0.6305062770843506,0.10969933867454527,0.35235318541526794,0.12460395693778992,0.21707238256931305,0.06800555437803268,0.8891838192939758,0.6350922584533691,0.9191953539848328,0.790761649608612,0.17135359346866608,0.8525428175926208,0.1974550038576126,0.15877340734004974
0.9868966341018676,0.6568748354911804,0.8554194569587708,0.16318026185035703,0.8843430280685424,0.17185309529304504,0.7201271057128905,0.856840670108795,0.5558101534843445,0.1521506905555725,0.6065961718559265,0.9016739726066588,0.767059087753296,0.07827018201351164,0.30798014998435974,0.800599694252014,0.1814827024936676,0.08852792531251907,0.6303351521492004,0.10980502516031264,0.3512825071811676,0.12515392899513245,0.2199417054653168,0.0666954293847084,0.8870351910591124,0.6344098448753357,0.9172046780586242,0.787836194038391,0.17168888449668884,0.8519009947776793,0.19687573611736295,0.1566862314939499
0.9865805506706237,0.6571468710899353,0.8554217219352721,0.16408006846904755,0.883915364742279,0.17206355929374695,0.7204229235649109,0.8567602634429932,0.5548562407493591,0.1521016955375671,0.606597363948822,0.9028363823890686,0.7671944499015808,0.0778549909591675,0.30836260318756104,0.8008848428726195,0.18176522850990293,0.08896975219249725,0.6300867795944214,0.10957051813602448,0.35121050477027893,0.12465390563011168,0.21943822503089905,0.06756572425365448,0.8877724409103394,0.6348296403884888,0.9176438450813292,0.7897083163261412,0.17105627059936523,0.8522992730140686,0.19657130539417264,0.15681837499141693
0.9865226393396204,0.6542687578634783,0.8552804088050668,0.16558625989339568,0.8816814083944667,0.17101220295510508,0.7193956226110458,0.8572880720550363,0.553931019522927,0.15126024847003547,0.6059703820131043,0.9014777873050083,0.765067419545217,0.07781816062263468,0.30766218866814266,0.7988380979407917,0.18294415267353703,0.08976659906858747,0.6308457465334372,0.1085503115742044,0.34982994063334033,0.12286178344352679,0.21640638516030528,0.0685891904444857,0.8871125037019904,0.6354595808820291,0.9177657853473317,0.7902548015117645,0.1709113341163505,0.8517129800536416,0.1965111983432011,0.15752959894863042
0.987779038293021,0.6562583446502686,0.8554932049342564,0.16484463959932327,0.8830400322164808,0.17085676001650946,0.7191261649131775,0.8568556010723114,0.5543521131787982,0.1511704655630248,0.6058313889162881,0.9023206659725734,0.7654775764260974,0.07772986910172872,0.30833699447768076,0.7998240164348057,0.18259947640555246,0.08931769004889897,0.630471259355545,0.10831692069768906,0.3512679359742573,0.12409678420850209,0.21660632533686502,0.06717926263809204,0.8876572506768363,0.6351654827594757,0.9175728261470795,0.7904528634888786,0.17162842729261943,0.8529482143265861,0.19715399188654764,0.1576347670384816
0.988399624824524,0.6576676368713379,0.8560675978660582,0.1635185182094574,0.8853127956390381,0.17079465091228485,0.7200546860694885,0.8579553961753845,0.5545511841773987,0.1503150165081024,0.6055740714073181,0.9029295444488524,0.7662004232406616,0.07695460319519043,0.30749380588531494,0.8014285564422606,0.18145050108432767,0.08780929446220398,0.6302893161773682,0.10818178206682204,0.3495045006275177,0.12398570030927658,0.21947398781776428,0.06557288020849228,0.8889004588127136,0.635398268699646,0.9188898801803587,0.7896425127983093,0.1706121265888214,0.8545345067977905,0.194751501083374,0.15687645971775055
0.9868089087465977,0.6538301160994996,0.855011818256784,0.16636445484262832,0.8814739331286005,0.17045706130088645,0.7184632509312732,0.8571135350998412,0.5535321501975364,0.1509599473248137,0.6054379217168118,0.9013705367737628,0.7640049888732585,0.07806837463632543,0.3081430450398871,0.798131138720411,0.18345970708004972,0.09016270697750944,0.630804976250263,0.10825611872875944,0.3505280430012561,0.12299648925979087,0.21515472360113833,0.0687695470579127,0.8865106815987445,0.6355048836545741,0.9175345022627648,0.7912132993657538,0.17134335732206385,0.851853313598227,0.19724088241445256,0.1581494982572312
0.987746290538622,0.6558881039204805,0.855394562949305,0.16497829426889835,0.8831874676372694,0.17079562143139218,0.7193017938862676,0.8569044185721356,0.5542061406633129,0.1510652543410011,0.6056887300118156,0.9024529975393544,0.765274174835371,0.0782195815573568,0.3083090574845024,0.7996531206628551,0.1824157257442889,0.08931106296570404,0.6306093905283057,0.10840665225101553,0.3513277795003808,0.12405439692994823,0.21657730250254922,0.06738608978364778,0.887297467045162,0.6352815990862639,0.9177719795185587,0.7907633418622224,0.17160812603390735,0.8524797636529674,0.1970094954190047,0.15807326332382535
0.9878997107346853,0.6562875509262085,0.8553228378295898,0.1642170175909996,0.8831499516963959,0.1705558846394221,0.7195892632007599,0.8571539521217346,0.5544258157412211,0.15076607714096704,0.6054865221182505,0.9020709097385406,0.7652414540449778,0.07770141462484996,0.3075793534517288,0.7998495797316233,0.18192372719446817,0.08849433685342471,0.6302446524302164,0.10835887243350346,0.3509143143892288,0.12348502626021703,0.21711046745379767,0.0670523817340533,0.8870445291201273,0.6348903278509775,0.9176032046477,0.7899448076883951,0.17127951482931772,0.8521265784899393,0.19638827443122864,0.15745601058006287
0.987197995185852,0.6528201500574747,0.8534484704335531,0.16714508831501007,0.8814823230107626,0.1688214540481567,0.7161784172058105,0.856836994489034,0.5515809853871664,0.14893874526023865,0.6045107444127401,0.901639699935913,0.7614898085594177,0.07814877728621165,0.3087079127629598,0.7968940536181132,0.18450203041235605,0.09002587695916493,0.6302600900332133,0.10691739867130916,0.3507101734479268,0.12275479733943939,0.21235914528369904,0.06875478972991307,0.8843910296758016,0.6344739397366842,0.915967583656311,0.7929518222808838,0.17168604830900827,0.8519450028737386,0.19828908145427704,0.15903036296367645
0.9870343274540372,0.6534843047459921,0.8541913032531738,0.16695286333560944,0.8813951677746243,0.1698873672220442,0.7173891729778714,0.8569811648792691,0.5525365206930373,0.1499013751745224,0.6049873034159342,0.9015725453694662,0.7629450493388705,0.07842871960666445,0.3081401354736752,0.7976018455293443,0.18342401583989462,0.08986802150805791,0.63062674469418,0.10778856029113132,0.35035539666811627,0.12335689117511113,0.21401347219944,0.06898926032914056,0.8850839402940538,0.6348748207092285,0.9165831075774299,0.7917489409446716,0.17178262107902104,0.8517096373769972,0.19795661171277365,0.1585986332760917
0.9867677688598634,0.6535005569458008,0.8543982505798339,0.16408890485763547,0.8808841109275818,0.16917169094085693,0.717886745929718,0.8563132882118225,0.5525970458984375,0.14925459027290344,0.6056203842163086,0.901287853717804,0.7630389928817749,0.07643778622150421,0.306796669960022,0.797390341758728,0.1833096742630005,0.08773991465568542,0.629795253276825,0.1071711853146553,0.3496946692466736,0.12279096245765686,0.21502552926540372,0.06817683577537537,0.8863765001296997,0.6339143514633179,0.9162644147872925,0.7914093136787415,0.1708354204893112,0.8521331548690797,0.1961988061666489,0.15657110512256622
0.9881666898727417,0.6574162542819977,0.8561109304428101,0.1633044332265854,0.8849025070667267,0.17225515097379684,0.7212532162666321,0.8570925891399384,0.5561982989311217,0.15185899287462234,0.6067609190940857,0.9027131199836731,0.768236368894577,0.07841411978006363,0.30834345519542694,0.8015724420547485,0.18226522207260132,0.08826158195734024,0.6311402916908264,0.10986598208546638,0.3508574515581131,0.12505615502595901,0.21969398111104965,0.06725285947322845,0.8884596824645996,0.6357254683971405,0.9182955026626586,0.7895638346672058,0.17169898003339767,0.852604329586029,0.1970542073249817,0.15716709941625595
0.9871256351470947,0.6572610139846802,0.8556104600429536,0.16400518268346786,0.8846811354160309,0.17238707095384598,0.7209552526473998,0.8565173447132111,0.554865300655365,0.15174602717161179,0.6067211329936981,0.9024326801300049,0.7673481106758117,0.07782627642154694,0.3082602024078369,0.8012546300888062,0.18115819245576859,0.08859530463814735,0.6302139461040497,0.10955817997455597,0.3509887605905533,0.12538570910692215,0.21919184923171997,0.0671599879860878,0.8876328766345978,0.635128527879715,0.9175064563751221,0.7886808812618256,0.17120632529258728,0.8525441288948059,0.19551774114370346,0.15708333998918533
0.9857513308525084,0.648604691028595,0.851861298084259,0.17016716301441193,0.8782497644424438,0.1669989228248596,0.7137129306793213,0.8547516465187072,0.5484247803688049,0.14874595403671265,0.6039004325866699,0.8995325565338135,0.7576352357864381,0.07801234722137451,0.30814898014068604,0.7916929125785828,0.18442055583000183,0.09096024185419081,0.6299636960029602,0.10562965273857115,0.3491724729537964,0.12078209966421127,0.2072763741016388,0.06988251954317093,0.8807440400123597,0.634258508682251,0.9151106476783752,0.7948293685913086,0.17137634754180908,0.8505889177322388,0.19943790137767792,0.15892687439918518
0.9874196648597715,0.6537827849388123,0.853178560733795,0.16518738865852356,0.8819893002510071,0.16801828145980835,0.7171176075935364,0.8566110730171204,0.5510503649711609,0.14834316074848175,0.6042298078536987,0.9018710851669312,0.7622200846672058,0.0764123797416687,0.3068111836910248,0.7978314161300659,0.18262164294719696,0.08840808272361755,0.6294064521789551,0.10677254199981688,0.34980860352516174,0.1210106611251831,0.2107654958963394,0.06678171455860138,0.8849472403526306,0.6337477564811707,0.9160526990890504,0.7932064533233641,0.17039652168750763,0.8526039719581603,0.1975271552801132,0.15781937539577484
0.9866871833801267,0.6563069820404053,0.8545514941215515,0.164300799369812,0.8808868527412415,0.16983976960182187,0.7188406586647034,0.8552312850952147,0.5530363321304321,0.15043585002422333,0.6043208837509155,0.9032220244407652,0.7632284760475159,0.07889783382415771,0.3083629608154297,0.7989336848258973,0.1838097870349884,0.08977343887090683,0.6303003430366516,0.10818012803792952,0.35196399688720703,0.1243206188082695,0.2160978764295578,0.06772159039974213,0.8874043226242065,0.6350613236427307,0.9173167943954467,0.7905184626579284,0.17115455865859985,0.8532184362411499,0.19696676731109616,0.15941014885902405
0.9867854019006094,0.6526055733362833,0.8545200328032175,0.16737093528111777,0.8806158204873403,0.16964777559041977,0.7171243528525034,0.8567332724730173,0.5521102845668793,0.15047279000282288,0.604939728975296,0.9013720452785492,0.762545237938563,0.07859476904074351,0.308586910367012,0.7967983682950338,0.1838844741384188,0.09058301895856857,0.6305940548578898,0.10804753005504608,0.3510312885046005,0.12344476580619812,0.21334238847096762,0.06922057395180066,0.8856175939242045,0.6353823641935984,0.9167303542296091,0.7925896247227987,0.1716561814149221,0.85178009668986,0.19807306180397669,0.15910162031650543
0.9878851622343062,0.655888706445694,0.8553492873907089,0.1657453253865242,0.8826982825994492,0.17158391326665878,0.7193571329116821,0.8572940677404404,0.554277777671814,0.15120016783475876,0.6059675365686417,0.901738941669464,0.765111967921257,0.07787181809544563,0.30794212967157364,0.7992427200078964,0.182903204113245,0.08886752277612686,0.6306527405977249,0.10880055651068687,0.35065438598394394,0.12402434460818768,0.21667630225419998,0.06825792603194714,0.8872239738702774,0.6348585933446884,0.9176939129829407,0.7906111478805542,0.1717710979282856,0.8528628498315811,0.19649240374565125,0.1578911505639553
0.9874920163835798,0.6559163672583443,0.8552398426192147,0.16445794062955038,0.8829901729311261,0.17065346240997314,0.7195731571742466,0.8573773588453021,0.5544261506625584,0.15067881558622634,0.605811996119363,0.9024710144315448,0.7651660442352295,0.07721295527049474,0.3072881783757891,0.8001776082175117,0.18181901744433812,0.08870419966323036,0.6304624421255929,0.10824703531605857,0.35017419712884085,0.12336180359125137,0.21723028804574693,0.06709121912717819,0.8874474934169224,0.6352267946515765,0.9175490055765424,0.7901292358125959,0.17100827821663447,0.8523609638214111,0.1962702295609883,0.15720802119800023
0.9874088962872823,0.6539808630943298,0.8548831105232239,0.16661410927772521,0.8817315816879272,0.170127010345459,0.7180222948392232,0.8568820039431254,0.5530510385831197,0.1511023759841919,0.6054679910341899,0.9016049027442932,0.7642712632815043,0.07813751349846522,0.3086800515651703,0.7983834703763326,0.1830458700656891,0.09023242195447286,0.6307013750076294,0.10831061700979869,0.35132153034210206,0.12349820335706076,0.214975502093633,0.06825665881236394,0.8862569530804952,0.6351165811220805,0.9175869107246399,0.791727340221405,0.17159325579802195,0.8521902839342753,0.19778404335180919,0.15858025948206583
0.9871369004249572,0.6572141647338867,0.8557405471801757,0.16407325863838196,0.8846860527992249,0.17391653358936307,0.7218710780143738,0.8573992252349852,0.5563170313835144,0.1537257432937622,0.6076467037200928,0.9030768275260925,0.7685813903808594,0.07950513809919357,0.3088366091251373,0.8010555505752563,0.18221892416477203,0.08971746265888214,0.6314226984977721,0.11157185584306716,0.3524055480957031,0.12603825330734253,0.22062738239765167,0.06729007512331009,0.8885093927383424,0.6352628469467163,0.9176653027534484,0.7887289524078369,0.1728658825159073,0.8522059321403502,0.1972205638885498,0.15778838098049164
0.9868334432442983,0.6548938850561777,0.8548382123311361,0.1652951513727506,0.8819624284903208,0.1704466020067533,0.7189918359120687,0.8567763566970824,0.5536154707272848,0.15036218365033469,0.6056481798489889,0.9018513162930807,0.764683872461319,0.07813649127880733,0.307853306333224,0.7988951106866201,0.18307347098986307,0.0893751581509908,0.630582720041275,0.10824039081732433,0.3501257648070653,0.12326034655173619,0.21574861307938895,0.06841875364383061,0.8866084416707357,0.634928951660792,0.9172559877236685,0.7906719545523325,0.17138221363226572,0.8519358932971953,0.19694194942712784,0.1577015866835912
0.9877665936946869,0.6570529341697693,0.8562241196632385,0.16367991268634796,0.884785532951355,0.17294926196336746,0.7213942110538482,0.8572152256965637,0.5565624833106995,0.1525975838303566,0.6067963242530823,0.9027265906333923,0.768080472946167,0.07891536876559258,0.3089001476764679,0.801731526851654,0.18240961432456967,0.08972355350852013,0.6311384737491608,0.11044356226921082,0.3515491187572479,0.12576192244887352,0.2200760021805763,0.0677117258310318,0.8890047669410704,0.6360947489738464,0.9182720780372619,0.7891326546669006,0.1720324605703354,0.852138876914978,0.19720718264579773,0.15791340172290802
